,subj,Q_A,Q_E,Q_I,Q_O,condition,radio_A,radio_E,radio_I,radio_O,rt,trial_domain,trial_index,trial_syll,trial_type,domain,syll
0,s0,84,44,42,39,radio,1,0,0,0,28164,['knives'],0,['EA1'],survey-slider,knives,EA1
1,s0,92,45,55,88,radio,1,0,0,0,18166,['lightbulbs'],1,['AA1'],survey-slider,lightbulbs,AA1
2,s0,59,4,89,55,radio,1,1,1,0,18327,['crackers'],2,['EI1'],survey-slider,crackers,EI1
3,s0,92,85,66,87,radio,0,0,0,0,28599,['strawberries'],3,['AI1'],survey-slider,strawberries,AI1
4,s1,98,71,75,78,radio,1,0,1,0,44403,['knives'],0,['AI1'],survey-slider,knives,AI1
5,s1,78,82,86,79,radio,1,1,0,1,38659,['strawberries'],1,['EA1'],survey-slider,strawberries,EA1
6,s1,73,56,65,67,radio,0,0,1,1,50824,['crackers'],2,['EI1'],survey-slider,crackers,EI1
7,s1,87,77,77,79,radio,1,0,1,0,39636,['lightbulbs'],3,['AA1'],survey-slider,lightbulbs,AA1
8,s2,86,74,85,89,radio,1,0,1,0,44373,['knives'],0,['AI1'],survey-slider,knives,AI1
9,s2,41,43,39,76,radio,0,0,0,1,51628,['crackers'],1,['EI1'],survey-slider,crackers,EI1
10,s2,51,60,26,16,radio,0,1,1,0,47809,['lightbulbs'],2,['EA1'],survey-slider,lightbulbs,EA1
11,s2,63,59,47,59,radio,1,0,0,0,26638,['strawberries'],3,['AA1'],survey-slider,strawberries,AA1
12,s3,93,94,91,98,radio,0,0,1,1,60440,['strawberries'],0,['AI1'],survey-slider,strawberries,AI1
13,s3,97,93,94,94,radio,1,0,0,0,33450,['lightbulbs'],1,['AA1'],survey-slider,lightbulbs,AA1
14,s3,94,6,6,6,radio,0,0,1,1,99562,['knives'],2,['EI1'],survey-slider,knives,EI1
15,s3,0,26,98,25,radio,0,1,0,0,131537,['crackers'],3,['EA1'],survey-slider,crackers,EA1
16,s4,97,100,100,82,radio,1,0,1,0,67838,['lightbulbs'],0,['EA1'],survey-slider,lightbulbs,EA1
17,s4,60,58,64,99,radio,0,1,0,1,54512,['strawberries'],1,['EI1'],survey-slider,strawberries,EI1
18,s4,38,94,97,53,radio,1,0,1,0,45876,['knives'],2,['AI1'],survey-slider,knives,AI1
19,s4,99,93,95,95,radio,1,0,1,0,40208,['crackers'],3,['AA1'],survey-slider,crackers,AA1
20,s5,100,100,100,100,radio,0,1,0,1,72720,['crackers'],0,['EA1'],survey-slider,crackers,EA1
21,s5,100,100,65,78,radio,1,0,0,0,54319,['knives'],1,['AA1'],survey-slider,knives,AA1
22,s5,100,100,100,100,radio,0,0,1,1,94938,['strawberries'],2,['AI1'],survey-slider,strawberries,AI1
23,s5,100,100,100,100,radio,0,0,1,1,68631,['lightbulbs'],3,['EI1'],survey-slider,lightbulbs,EI1
24,s6,51,96,97,81,radio,1,0,0,0,137158,['crackers'],0,['AA1'],survey-slider,crackers,AA1
25,s6,52,52,61,67,radio,1,1,1,1,212162,['strawberries'],1,['EI1'],survey-slider,strawberries,EI1
26,s6,53,55,50,55,radio,0,0,1,1,119531,['knives'],2,['AI1'],survey-slider,knives,AI1
27,s6,55,96,59,43,radio,0,1,0,0,153817,['lightbulbs'],3,['EA1'],survey-slider,lightbulbs,EA1
28,s7,62,68,39,69,radio,0,0,1,1,47190,['crackers'],0,['AI1'],survey-slider,crackers,AI1
29,s7,67,32,75,25,radio,1,0,1,0,29237,['knives'],1,['AA1'],survey-slider,knives,AA1
30,s7,91,70,85,59,radio,0,1,0,1,43390,['strawberries'],2,['EI1'],survey-slider,strawberries,EI1
31,s7,78,86,81,68,radio,0,1,0,1,21639,['lightbulbs'],3,['EA1'],survey-slider,lightbulbs,EA1
32,s8,100,78,73,92,radio,1,0,1,0,95237,['knives'],0,['AA1'],survey-slider,knives,AA1
33,s8,95,86,100,70,radio,0,0,1,1,45876,['crackers'],1,['AI1'],survey-slider,crackers,AI1
34,s8,94,83,69,70,radio,0,1,0,1,51106,['lightbulbs'],2,['EA1'],survey-slider,lightbulbs,EA1
35,s8,78,75,42,90,radio,0,1,0,1,75232,['strawberries'],3,['EI1'],survey-slider,strawberries,EI1
36,s9,61,63,57,20,radio,1,0,1,1,92181,['crackers'],0,['AI1'],survey-slider,crackers,AI1
37,s9,76,48,58,21,radio,1,0,1,0,34922,['strawberries'],1,['AA1'],survey-slider,strawberries,AA1
38,s9,29,14,26,32,radio,0,1,0,1,40745,['lightbulbs'],2,['EA1'],survey-slider,lightbulbs,EA1
39,s9,25,30,63,34,radio,0,1,0,1,40171,['knives'],3,['EI1'],survey-slider,knives,EI1
40,s10,41,85,30,73,radio,0,1,0,1,70774,['lightbulbs'],0,['EI1'],survey-slider,lightbulbs,EI1
41,s10,81,80,75,96,radio,0,0,1,1,36753,['crackers'],1,['AI1'],survey-slider,crackers,AI1
42,s10,91,96,95,93,radio,1,0,0,0,41779,['knives'],2,['AA1'],survey-slider,knives,AA1
43,s10,91,73,66,85,radio,0,1,0,1,32421,['strawberries'],3,['EA1'],survey-slider,strawberries,EA1
44,s11,96,100,100,97,radio,0,1,0,0,112250,['lightbulbs'],0,['EA1'],survey-slider,lightbulbs,EA1
45,s11,97,98,99,99,radio,1,0,0,0,84039,['strawberries'],1,['AA1'],survey-slider,strawberries,AA1
46,s11,99,98,100,100,radio,0,0,1,1,90602,['knives'],2,['AI1'],survey-slider,knives,AI1
47,s11,98,100,100,100,radio,0,0,1,1,54786,['crackers'],3,['EI1'],survey-slider,crackers,EI1
48,s12,99,100,99,98,radio,1,0,1,0,33413,['strawberries'],0,['AA1'],survey-slider,strawberries,AA1
49,s12,97,99,100,99,radio,0,0,0,1,42169,['crackers'],1,['EI1'],survey-slider,crackers,EI1
50,s12,93,99,98,97,radio,0,1,0,1,44560,['lightbulbs'],2,['EA1'],survey-slider,lightbulbs,EA1
51,s12,96,100,95,97,radio,0,0,1,0,24875,['knives'],3,['AI1'],survey-slider,knives,AI1
52,s13,100,96,98,96,radio,0,1,0,0,59762,['strawberries'],0,['EA1'],survey-slider,strawberries,EA1
53,s13,97,99,99,99,radio,0,0,1,1,52750,['crackers'],1,['AI1'],survey-slider,crackers,AI1
54,s13,96,95,93,95,radio,1,0,1,0,40317,['knives'],2,['AA1'],survey-slider,knives,AA1
55,s13,99,98,100,96,radio,0,0,1,1,37876,['lightbulbs'],3,['EI1'],survey-slider,lightbulbs,EI1
56,s14,94,99,96,54,radio,1,0,1,0,65473,['lightbulbs'],0,['AI1'],survey-slider,lightbulbs,AI1
57,s14,97,100,92,97,radio,0,1,0,0,56144,['knives'],1,['EA1'],survey-slider,knives,EA1
58,s14,96,94,95,97,radio,0,1,0,1,63221,['crackers'],2,['EI1'],survey-slider,crackers,EI1
59,s14,69,62,70,61,radio,0,1,0,1,40740,['strawberries'],3,['AA1'],survey-slider,strawberries,AA1
60,s15,98,98,98,95,radio,0,1,0,0,59647,['crackers'],0,['EA1'],survey-slider,crackers,EA1
61,s15,98,100,99,96,radio,1,0,1,0,42742,['knives'],1,['AA1'],survey-slider,knives,AA1
62,s15,96,96,98,98,radio,0,0,1,1,47715,['lightbulbs'],2,['AI1'],survey-slider,lightbulbs,AI1
63,s15,97,96,100,100,radio,0,0,1,1,44438,['strawberries'],3,['EI1'],survey-slider,strawberries,EI1
64,s16,100,100,100,54,radio,1,0,1,0,124513,['lightbulbs'],0,['AA1'],survey-slider,lightbulbs,AA1
65,s16,72,100,100,100,radio,0,0,1,1,80618,['knives'],1,['EI1'],survey-slider,knives,EI1
66,s16,100,100,71,100,radio,0,1,0,1,41157,['strawberries'],2,['EA1'],survey-slider,strawberries,EA1
67,s16,100,100,100,100,radio,0,0,1,1,42508,['crackers'],3,['AI1'],survey-slider,crackers,AI1
68,s17,100,100,100,100,radio,0,0,1,1,77296,['lightbulbs'],0,['EI1'],survey-slider,lightbulbs,EI1
69,s17,100,93,100,100,radio,0,1,0,1,71072,['crackers'],1,['EA1'],survey-slider,crackers,EA1
70,s17,98,97,97,100,radio,1,0,1,0,113825,['knives'],2,['AI1'],survey-slider,knives,AI1
71,s17,96,96,97,100,radio,1,0,1,0,48794,['strawberries'],3,['AA1'],survey-slider,strawberries,AA1
72,s18,74,100,100,69,radio,0,0,1,0,106239,['crackers'],0,['AI1'],survey-slider,crackers,AI1
73,s18,83,84,84,80,radio,0,1,0,1,147067,['lightbulbs'],1,['EA1'],survey-slider,lightbulbs,EA1
74,s18,97,73,75,100,radio,0,0,0,1,63643,['knives'],2,['EI1'],survey-slider,knives,EI1
75,s18,96,100,97,88,radio,1,0,1,0,104631,['strawberries'],3,['AA1'],survey-slider,strawberries,AA1
76,s19,76,94,91,93,radio,1,0,0,0,117857,['knives'],0,['AI1'],survey-slider,knives,AI1
77,s19,7,6,6,9,radio,0,0,1,0,83897,['crackers'],1,['EI1'],survey-slider,crackers,EI1
78,s19,10,5,9,11,radio,1,0,0,1,52162,['lightbulbs'],2,['EA1'],survey-slider,lightbulbs,EA1
79,s19,6,100,7,9,radio,0,1,0,0,51618,['strawberries'],3,['AA1'],survey-slider,strawberries,AA1
80,s20,96,97,96,94,radio,0,0,1,0,138250,['lightbulbs'],0,['AI1'],survey-slider,lightbulbs,AI1
81,s20,94,93,97,97,radio,0,1,0,1,92671,['crackers'],1,['EA1'],survey-slider,crackers,EA1
82,s20,64,60,62,57,radio,1,0,1,0,218855,['strawberries'],2,['AA1'],survey-slider,strawberries,AA1
83,s20,89,65,74,72,radio,0,0,1,1,66260,['knives'],3,['EI1'],survey-slider,knives,EI1
84,s21,98,96,91,97,radio,1,0,0,0,101376,['knives'],0,['AA1'],survey-slider,knives,AA1
85,s21,93,97,96,93,radio,0,0,1,1,65871,['strawberries'],1,['AI1'],survey-slider,strawberries,AI1
86,s21,96,98,98,96,radio,0,0,0,1,91456,['crackers'],2,['EI1'],survey-slider,crackers,EI1
87,s21,94,96,98,96,radio,0,1,0,0,82701,['lightbulbs'],3,['EA1'],survey-slider,lightbulbs,EA1
88,s22,100,100,68,100,radio,1,0,1,0,44331,['lightbulbs'],0,['AI1'],survey-slider,lightbulbs,AI1
89,s22,100,90,100,100,radio,0,0,1,1,64172,['knives'],1,['EI1'],survey-slider,knives,EI1
90,s22,100,100,100,100,radio,1,0,1,0,27061,['crackers'],2,['AA1'],survey-slider,crackers,AA1
91,s22,100,100,100,100,radio,0,0,0,1,24820,['strawberries'],3,['EA1'],survey-slider,strawberries,EA1
92,s23,97,90,59,94,radio,0,0,1,1,104355,['knives'],0,['EI1'],survey-slider,knives,EI1
93,s23,98,97,99,42,radio,0,1,0,1,74511,['strawberries'],1,['EA1'],survey-slider,strawberries,EA1
94,s23,97,97,55,96,radio,1,0,1,0,56107,['lightbulbs'],2,['AA1'],survey-slider,lightbulbs,AA1
95,s23,99,96,97,57,radio,0,0,1,1,74298,['crackers'],3,['AI1'],survey-slider,crackers,AI1
96,s24,95,94,94,91,radio,0,1,0,1,267864,['lightbulbs'],0,['EA1'],survey-slider,lightbulbs,EA1
97,s24,97,59,96,97,radio,0,0,0,1,130726,['strawberries'],1,['EI1'],survey-slider,strawberries,EI1
98,s24,96,99,99,93,radio,1,0,0,0,95630,['crackers'],2,['AA1'],survey-slider,crackers,AA1
99,s24,98,98,95,97,radio,0,0,1,1,112750,['knives'],3,['AI1'],survey-slider,knives,AI1
100,s25,100,66,73,100,radio,0,0,0,1,104696,['crackers'],0,['EI1'],survey-slider,crackers,EI1
101,s25,97,100,100,98,radio,1,0,1,0,64691,['knives'],1,['AA1'],survey-slider,knives,AA1
102,s25,97,91,99,99,radio,0,1,0,1,68537,['lightbulbs'],2,['EA1'],survey-slider,lightbulbs,EA1
103,s25,100,100,100,72,radio,0,0,1,0,74759,['strawberries'],3,['AI1'],survey-slider,strawberries,AI1
104,s26,91,100,68,91,radio,0,0,1,1,110207,['strawberries'],0,['AI1'],survey-slider,strawberries,AI1
105,s26,97,94,94,96,radio,1,0,1,0,44200,['knives'],1,['AA1'],survey-slider,knives,AA1
106,s26,91,92,94,100,radio,0,1,0,1,177642,['lightbulbs'],2,['EA1'],survey-slider,lightbulbs,EA1
107,s26,93,95,96,97,radio,0,1,0,1,85051,['crackers'],3,['EI1'],survey-slider,crackers,EI1
108,s27,93,95,100,59,radio,0,1,0,0,83059,['knives'],0,['EA1'],survey-slider,knives,EA1
109,s27,93,96,99,95,radio,1,0,1,0,51458,['strawberries'],1,['AA1'],survey-slider,strawberries,AA1
110,s27,94,98,63,99,radio,0,0,1,1,42042,['lightbulbs'],2,['EI1'],survey-slider,lightbulbs,EI1
111,s27,97,94,97,97,radio,0,0,1,1,37302,['crackers'],3,['AI1'],survey-slider,crackers,AI1
112,s28,70,96,65,50,radio,1,0,1,1,132564,['knives'],0,['AI1'],survey-slider,knives,AI1
113,s28,90,82,79,85,radio,0,1,0,1,50076,['strawberries'],1,['EI1'],survey-slider,strawberries,EI1
114,s28,93,86,82,84,radio,1,0,1,0,47961,['crackers'],2,['AA1'],survey-slider,crackers,AA1
115,s28,5,87,50,55,radio,0,1,1,1,58981,['lightbulbs'],3,['EA1'],survey-slider,lightbulbs,EA1
116,s29,100,100,55,100,radio,1,0,1,0,83262,['knives'],0,['EI1'],survey-slider,knives,EI1
117,s29,99,100,100,100,radio,0,1,0,0,30220,['strawberries'],1,['EA1'],survey-slider,strawberries,EA1
118,s29,99,95,99,95,radio,1,0,0,0,103986,['crackers'],2,['AA1'],survey-slider,crackers,AA1
119,s29,67,94,61,61,radio,0,0,1,1,94450,['lightbulbs'],3,['AI1'],survey-slider,lightbulbs,AI1
120,s30,95,89,98,92,radio,0,0,1,0,229947,['lightbulbs'],0,['AI1'],survey-slider,lightbulbs,AI1
121,s30,97,94,95,95,radio,0,0,0,1,125769,['strawberries'],1,['EI1'],survey-slider,strawberries,EI1
122,s30,95,95,97,93,radio,0,1,0,1,119121,['crackers'],2,['EA1'],survey-slider,crackers,EA1
123,s30,97,94,97,94,radio,1,0,1,0,82993,['knives'],3,['AA1'],survey-slider,knives,AA1
124,s31,97,98,94,94,radio,0,0,0,1,81759,['crackers'],0,['EI1'],survey-slider,crackers,EI1
125,s31,97,97,99,99,radio,0,1,0,0,51909,['strawberries'],1,['EA1'],survey-slider,strawberries,EA1
126,s31,96,96,96,96,radio,0,0,1,1,60651,['lightbulbs'],2,['AI1'],survey-slider,lightbulbs,AI1
127,s31,100,98,96,99,radio,1,0,0,0,53235,['knives'],3,['AA1'],survey-slider,knives,AA1
128,s32,100,100,100,100,radio,0,0,0,1,68173,['knives'],0,['EI1'],survey-slider,knives,EI1
129,s32,100,100,100,100,radio,0,0,1,1,139816,['lightbulbs'],1,['AI1'],survey-slider,lightbulbs,AI1
130,s32,100,100,100,100,radio,0,1,0,1,223512,['crackers'],2,['EA1'],survey-slider,crackers,EA1
131,s32,100,100,100,100,radio,1,0,1,0,36193,['strawberries'],3,['AA1'],survey-slider,strawberries,AA1
132,s33,97,98,98,99,radio,1,0,1,0,45478,['crackers'],0,['AA1'],survey-slider,crackers,AA1
133,s33,97,81,97,99,radio,0,0,1,1,77736,['knives'],1,['EI1'],survey-slider,knives,EI1
134,s33,100,99,98,98,radio,0,0,1,1,45523,['lightbulbs'],2,['AI1'],survey-slider,lightbulbs,AI1
135,s33,100,99,98,77,radio,0,1,0,1,33079,['strawberries'],3,['EA1'],survey-slider,strawberries,EA1
136,s34,93,91,98,95,radio,0,1,0,1,81433,['knives'],0,['EA1'],survey-slider,knives,EA1
137,s34,93,97,92,96,radio,1,0,1,0,48375,['strawberries'],1,['AA1'],survey-slider,strawberries,AA1
138,s34,92,93,98,93,radio,0,1,0,1,74044,['crackers'],2,['EI1'],survey-slider,crackers,EI1
139,s34,96,93,96,96,radio,0,0,1,1,50204,['lightbulbs'],3,['AI1'],survey-slider,lightbulbs,AI1
140,s35,94,97,100,96,radio,1,0,0,0,212854,['knives'],0,['AA1'],survey-slider,knives,AA1
141,s35,5,100,97,9,radio,0,0,1,0,190056,['lightbulbs'],1,['AI1'],survey-slider,lightbulbs,AI1
142,s35,100,4,6,98,radio,0,0,0,1,138688,['crackers'],2,['EI1'],survey-slider,crackers,EI1
143,s35,94,95,98,100,radio,0,1,0,0,71884,['strawberries'],3,['EA1'],survey-slider,strawberries,EA1
144,s36,100,97,99,99,radio,0,0,1,0,111025,['knives'],0,['AI1'],survey-slider,knives,AI1
145,s36,99,99,99,98,radio,0,1,0,0,98110,['strawberries'],1,['EA1'],survey-slider,strawberries,EA1
146,s36,99,99,99,99,radio,0,1,0,1,89038,['crackers'],2,['EI1'],survey-slider,crackers,EI1
147,s36,98,99,98,99,radio,1,0,0,0,74611,['lightbulbs'],3,['AA1'],survey-slider,lightbulbs,AA1
148,s37,100,70,100,96,radio,0,0,0,1,90460,['crackers'],0,['AA1'],survey-slider,crackers,AA1
149,s37,100,97,97,100,radio,0,0,1,1,56520,['lightbulbs'],1,['AI1'],survey-slider,lightbulbs,AI1
150,s37,55,97,99,11,radio,0,1,0,0,76135,['knives'],2,['EA1'],survey-slider,knives,EA1
151,s37,100,96,100,48,radio,0,1,0,1,55279,['strawberries'],3,['EI1'],survey-slider,strawberries,EI1
152,s38,89,99,98,28,radio,1,1,1,0,35991,['knives'],0,['AA1'],survey-slider,knives,AA1
153,s38,91,92,91,31,radio,1,1,1,0,37042,['lightbulbs'],1,['AI1'],survey-slider,lightbulbs,AI1
154,s38,30,86,31,93,radio,0,1,0,1,25873,['strawberries'],2,['EA1'],survey-slider,strawberries,EA1
155,s38,18,98,34,91,radio,0,1,0,1,25577,['crackers'],3,['EI1'],survey-slider,crackers,EI1
156,s39,94,98,97,95,radio,1,0,0,0,68841,['strawberries'],0,['AA1'],survey-slider,strawberries,AA1
157,s39,97,95,94,94,radio,0,0,0,1,67342,['knives'],1,['EA1'],survey-slider,knives,EA1
158,s39,98,96,93,97,radio,0,0,1,0,29492,['crackers'],2,['AI1'],survey-slider,crackers,AI1
159,s39,97,99,97,95,radio,0,1,0,0,25166,['lightbulbs'],3,['EI1'],survey-slider,lightbulbs,EI1
160,s40,58,55,55,57,radio,1,0,1,0,89626,['knives'],0,['AA1'],survey-slider,knives,AA1
161,s40,49,54,55,51,radio,0,0,1,1,69687,['strawberries'],1,['AI1'],survey-slider,strawberries,AI1
162,s40,53,53,49,51,radio,0,1,0,1,84914,['crackers'],2,['EA1'],survey-slider,crackers,EA1
163,s40,54,56,59,43,radio,0,1,0,1,83182,['lightbulbs'],3,['EI1'],survey-slider,lightbulbs,EI1
164,s41,97,100,53,100,radio,1,0,0,0,384911,['strawberries'],0,['AA1'],survey-slider,strawberries,AA1
165,s41,100,100,63,100,radio,0,0,0,1,110134,['crackers'],1,['EI1'],survey-slider,crackers,EI1
166,s41,100,100,48,52,radio,0,1,0,1,92153,['knives'],2,['EA1'],survey-slider,knives,EA1
167,s41,63,100,100,50,radio,0,0,1,0,75601,['lightbulbs'],3,['AI1'],survey-slider,lightbulbs,AI1
168,s42,19,90,43,55,radio,0,1,0,1,73138,['strawberries'],0,['AI1'],survey-slider,strawberries,AI1
169,s42,92,67,84,89,radio,1,0,1,1,39174,['knives'],1,['EA1'],survey-slider,knives,EA1
170,s42,17,38,25,93,radio,0,1,0,1,40403,['crackers'],2,['AA1'],survey-slider,crackers,AA1
171,s42,90,76,90,56,radio,1,0,1,0,37683,['lightbulbs'],3,['EI1'],survey-slider,lightbulbs,EI1
172,s43,76,97,99,97,radio,1,1,0,0,35489,['knives'],0,['AA1'],survey-slider,knives,AA1
173,s43,52,77,6,8,radio,1,1,0,0,43672,['lightbulbs'],1,['EA1'],survey-slider,lightbulbs,EA1
174,s43,93,96,74,95,radio,0,0,1,1,32269,['crackers'],2,['AI1'],survey-slider,crackers,AI1
175,s43,95,93,98,99,radio,0,1,0,0,36525,['strawberries'],3,['EI1'],survey-slider,strawberries,EI1
176,s44,99,99,96,99,radio,1,0,1,0,125783,['lightbulbs'],0,['AA1'],survey-slider,lightbulbs,AA1
177,s44,97,99,99,98,radio,0,0,1,1,61207,['knives'],1,['EI1'],survey-slider,knives,EI1
178,s44,98,98,99,98,radio,0,0,1,1,56265,['crackers'],2,['AI1'],survey-slider,crackers,AI1
179,s44,99,99,100,99,radio,0,1,0,1,69312,['strawberries'],3,['EA1'],survey-slider,strawberries,EA1
180,s45,44,52,94,69,radio,1,1,1,0,64595,['crackers'],0,['AA1'],survey-slider,crackers,AA1
181,s45,96,53,98,96,radio,1,0,1,1,32390,['lightbulbs'],1,['AI1'],survey-slider,lightbulbs,AI1
182,s45,96,96,96,97,radio,1,0,1,1,30557,['knives'],2,['EI1'],survey-slider,knives,EI1
183,s45,97,97,97,96,radio,0,0,1,1,69697,['strawberries'],3,['EA1'],survey-slider,strawberries,EA1
184,s46,100,100,100,100,radio,0,0,1,1,61108,['strawberries'],0,['AI1'],survey-slider,strawberries,AI1
185,s46,100,100,100,100,radio,0,1,0,0,48693,['lightbulbs'],1,['EA1'],survey-slider,lightbulbs,EA1
186,s46,100,100,100,100,radio,0,0,1,1,72995,['crackers'],2,['EI1'],survey-slider,crackers,EI1
187,s46,100,100,100,100,radio,1,0,0,0,28501,['knives'],3,['AA1'],survey-slider,knives,AA1
188,s47,70,60,68,59,radio,0,1,1,0,307424,['strawberries'],0,['AA1'],survey-slider,strawberries,AA1
189,s47,97,61,50,77,radio,1,0,1,1,59039,['knives'],1,['EA1'],survey-slider,knives,EA1
190,s47,92,82,34,80,radio,1,0,1,0,202771,['lightbulbs'],2,['AI1'],survey-slider,lightbulbs,AI1
191,s47,84,88,41,88,radio,0,0,1,1,96961,['crackers'],3,['EI1'],survey-slider,crackers,EI1
192,s48,41,5,100,100,radio,0,0,0,1,97374,['knives'],0,['EA1'],survey-slider,knives,EA1
193,s48,98,100,100,100,radio,1,0,0,0,36350,['lightbulbs'],1,['AA1'],survey-slider,lightbulbs,AA1
194,s48,62,100,68,100,radio,0,0,1,1,71109,['strawberries'],2,['AI1'],survey-slider,strawberries,AI1
195,s48,100,50,100,100,radio,0,0,0,1,72103,['crackers'],3,['EI1'],survey-slider,crackers,EI1
196,s49,97,96,96,94,radio,0,0,0,1,89863,['knives'],0,['EI1'],survey-slider,knives,EI1
197,s49,97,97,99,97,radio,1,0,0,0,43043,['crackers'],1,['AA1'],survey-slider,crackers,AA1
198,s49,95,97,97,95,radio,0,0,1,1,77084,['lightbulbs'],2,['AI1'],survey-slider,lightbulbs,AI1
199,s49,95,93,98,93,radio,0,1,0,0,38964,['strawberries'],3,['EA1'],survey-slider,strawberries,EA1
200,s50,95,49,49,100,radio,0,1,0,1,102094,['strawberries'],0,['EI1'],survey-slider,strawberries,EI1
201,s50,43,90,99,97,radio,0,0,1,1,54504,['knives'],1,['AI1'],survey-slider,knives,AI1
202,s50,90,92,57,95,radio,0,0,1,1,74102,['lightbulbs'],2,['AA1'],survey-slider,lightbulbs,AA1
203,s50,93,93,90,92,radio,0,1,0,0,68074,['crackers'],3,['EA1'],survey-slider,crackers,EA1
204,s51,4,5,5,4,radio,1,0,0,0,142128,['strawberries'],0,['AA1'],survey-slider,strawberries,AA1
205,s51,100,95,100,84,radio,0,1,0,1,585083,['crackers'],1,['EA1'],survey-slider,crackers,EA1
206,s51,67,67,73,64,radio,0,1,1,0,205297,['knives'],2,['AI1'],survey-slider,knives,AI1
207,s51,93,94,97,97,radio,0,0,1,1,109909,['lightbulbs'],3,['EI1'],survey-slider,lightbulbs,EI1
208,s52,73,81,68,85,radio,1,0,1,0,37890,['knives'],0,['AA1'],survey-slider,knives,AA1
209,s52,81,89,67,76,radio,1,0,1,1,51920,['strawberries'],1,['AI1'],survey-slider,strawberries,AI1
210,s52,31,56,37,37,radio,0,0,1,0,73560,['lightbulbs'],2,['EI1'],survey-slider,lightbulbs,EI1
211,s52,44,37,83,55,radio,1,1,0,1,13742,['crackers'],3,['EA1'],survey-slider,crackers,EA1
212,s53,100,99,97,99,radio,1,0,1,0,74050,['crackers'],0,['AA1'],survey-slider,crackers,AA1
213,s53,98,97,98,100,radio,0,1,0,1,42875,['strawberries'],1,['EA1'],survey-slider,strawberries,EA1
214,s53,97,55,53,49,radio,0,0,1,1,67011,['lightbulbs'],2,['AI1'],survey-slider,lightbulbs,AI1
215,s53,96,100,96,98,radio,0,0,1,1,88456,['knives'],3,['EI1'],survey-slider,knives,EI1
216,s54,66,92,29,91,radio,1,0,1,0,120204,['knives'],0,['AA1'],survey-slider,knives,AA1
217,s54,93,97,95,90,radio,1,1,1,0,48444,['crackers'],1,['EA1'],survey-slider,crackers,EA1
218,s54,96,50,90,96,radio,0,0,0,1,40505,['lightbulbs'],2,['EI1'],survey-slider,lightbulbs,EI1
219,s54,96,97,95,53,radio,1,0,1,1,37771,['strawberries'],3,['AI1'],survey-slider,strawberries,AI1
220,s55,97,98,93,94,radio,1,0,0,0,44499,['crackers'],0,['AA1'],survey-slider,crackers,AA1
221,s55,96,90,92,96,radio,0,0,0,0,36405,['strawberries'],1,['AI1'],survey-slider,strawberries,AI1
222,s55,99,96,96,97,radio,0,0,0,0,39236,['lightbulbs'],2,['EA1'],survey-slider,lightbulbs,EA1
223,s55,95,92,93,98,radio,0,0,1,1,30038,['knives'],3,['EI1'],survey-slider,knives,EI1
224,s56,88,89,56,41,radio,0,1,1,0,73871,['crackers'],0,['EA1'],survey-slider,crackers,EA1
225,s56,80,49,91,58,radio,0,0,1,1,40282,['strawberries'],1,['AI1'],survey-slider,strawberries,AI1
226,s56,94,88,75,74,radio,0,0,1,1,35575,['knives'],2,['EI1'],survey-slider,knives,EI1
227,s56,92,85,43,89,radio,1,0,1,0,33624,['lightbulbs'],3,['AA1'],survey-slider,lightbulbs,AA1
228,s57,96,99,96,98,radio,0,1,0,1,165187,['crackers'],0,['EI1'],survey-slider,crackers,EI1
229,s57,98,98,5,6,radio,1,0,1,1,92506,['knives'],1,['AI1'],survey-slider,knives,AI1
230,s57,100,98,100,98,radio,1,0,0,0,51210,['lightbulbs'],2,['AA1'],survey-slider,lightbulbs,AA1
231,s57,100,98,96,98,radio,0,0,0,1,75525,['strawberries'],3,['EA1'],survey-slider,strawberries,EA1
232,s58,100,100,100,97,radio,0,0,1,1,43516,['knives'],0,['EI1'],survey-slider,knives,EI1
233,s58,96,96,100,94,radio,0,0,1,1,32135,['crackers'],1,['AI1'],survey-slider,crackers,AI1
234,s58,100,99,100,97,radio,1,0,1,0,28289,['lightbulbs'],2,['AA1'],survey-slider,lightbulbs,AA1
235,s58,96,98,100,99,radio,0,1,0,1,40762,['strawberries'],3,['EA1'],survey-slider,strawberries,EA1
236,s59,97,99,43,89,radio,1,0,0,0,53989,['knives'],0,['AA1'],survey-slider,knives,AA1
237,s59,99,19,96,64,radio,0,0,1,0,71857,['strawberries'],1,['AI1'],survey-slider,strawberries,AI1
238,s59,99,82,72,96,radio,1,1,0,1,87985,['crackers'],2,['EI1'],survey-slider,crackers,EI1
239,s59,96,96,93,97,radio,0,1,0,1,31841,['lightbulbs'],3,['EA1'],survey-slider,lightbulbs,EA1
240,s60,98,98,95,95,radio,0,0,1,1,149692,['strawberries'],0,['AI1'],survey-slider,strawberries,AI1
241,s60,96,99,98,99,radio,0,0,1,1,119953,['knives'],1,['EI1'],survey-slider,knives,EI1
242,s60,97,98,99,97,radio,0,1,0,1,174105,['lightbulbs'],2,['EA1'],survey-slider,lightbulbs,EA1
243,s60,96,97,97,97,radio,1,0,1,0,128617,['crackers'],3,['AA1'],survey-slider,crackers,AA1
244,s61,100,100,100,52,radio,0,0,1,0,60044,['knives'],0,['EI1'],survey-slider,knives,EI1
245,s61,100,95,96,51,radio,0,1,0,0,39777,['lightbulbs'],1,['EA1'],survey-slider,lightbulbs,EA1
246,s61,100,98,98,99,radio,1,0,0,0,31238,['crackers'],2,['AA1'],survey-slider,crackers,AA1
247,s61,50,100,100,100,radio,0,0,1,1,101484,['strawberries'],3,['AI1'],survey-slider,strawberries,AI1
248,s62,100,66,73,83,radio,0,0,0,1,176751,['lightbulbs'],0,['EI1'],survey-slider,lightbulbs,EI1
249,s62,95,98,98,98,radio,1,0,0,0,47247,['strawberries'],1,['AA1'],survey-slider,strawberries,AA1
250,s62,99,99,98,62,radio,0,1,0,0,57030,['crackers'],2,['EA1'],survey-slider,crackers,EA1
251,s62,97,94,99,68,radio,0,0,1,1,52974,['knives'],3,['AI1'],survey-slider,knives,AI1
252,s63,93,76,65,59,radio,1,0,1,0,108508,['knives'],0,['AA1'],survey-slider,knives,AA1
253,s63,97,97,11,85,radio,0,1,0,1,40744,['strawberries'],1,['EI1'],survey-slider,strawberries,EI1
254,s63,92,70,11,84,radio,0,1,0,1,68232,['crackers'],2,['EA1'],survey-slider,crackers,EA1
255,s63,91,86,82,78,radio,1,0,1,0,51330,['lightbulbs'],3,['AI1'],survey-slider,lightbulbs,AI1
256,s64,94,97,51,95,radio,0,0,1,1,352368,['crackers'],0,['EI1'],survey-slider,crackers,EI1
257,s64,82,95,84,80,radio,0,1,0,1,239058,['knives'],1,['EA1'],survey-slider,knives,EA1
258,s64,87,96,76,85,radio,0,0,1,1,179934,['lightbulbs'],2,['AI1'],survey-slider,lightbulbs,AI1
259,s64,96,97,97,83,radio,1,0,1,0,253793,['strawberries'],3,['AA1'],survey-slider,strawberries,AA1
260,s65,90,91,82,86,radio,0,0,1,1,82369,['knives'],0,['EI1'],survey-slider,knives,EI1
261,s65,82,94,87,91,radio,0,0,1,1,47101,['lightbulbs'],1,['AI1'],survey-slider,lightbulbs,AI1
262,s65,92,99,93,48,radio,0,1,0,1,66264,['crackers'],2,['EA1'],survey-slider,crackers,EA1
263,s65,83,74,96,82,radio,1,0,1,1,60560,['strawberries'],3,['AA1'],survey-slider,strawberries,AA1
264,s66,88,98,71,100,radio,1,0,1,0,65636,['crackers'],0,['AA1'],survey-slider,crackers,AA1
265,s66,94,74,97,60,radio,0,0,0,1,21637,['strawberries'],1,['AI1'],survey-slider,strawberries,AI1
266,s66,95,57,97,61,radio,1,0,1,0,19068,['knives'],2,['EI1'],survey-slider,knives,EI1
267,s66,59,99,88,95,radio,0,0,1,0,11842,['lightbulbs'],3,['EA1'],survey-slider,lightbulbs,EA1
268,s67,95,53,96,97,radio,1,0,0,0,242170,['crackers'],0,['AI1'],survey-slider,crackers,AI1
269,s67,99,97,5,93,radio,1,0,1,1,178873,['lightbulbs'],1,['EA1'],survey-slider,lightbulbs,EA1
270,s67,98,3,97,96,radio,0,0,0,1,129172,['knives'],2,['EI1'],survey-slider,knives,EI1
271,s67,96,2,97,97,radio,1,0,0,0,104162,['strawberries'],3,['AA1'],survey-slider,strawberries,AA1
272,s68,66,24,69,72,radio,0,0,1,1,79323,['crackers'],0,['EI1'],survey-slider,crackers,EI1
273,s68,89,88,62,63,radio,1,0,0,0,31974,['knives'],1,['AA1'],survey-slider,knives,AA1
274,s68,97,75,72,49,radio,0,1,0,0,36977,['lightbulbs'],2,['EA1'],survey-slider,lightbulbs,EA1
275,s68,76,33,62,39,radio,1,0,1,0,51373,['strawberries'],3,['AI1'],survey-slider,strawberries,AI1
276,s69,21,47,18,24,radio,0,0,0,0,59400,['strawberries'],0,['AI1'],survey-slider,strawberries,AI1
277,s69,72,51,72,39,radio,1,0,0,0,26445,['lightbulbs'],1,['EI1'],survey-slider,lightbulbs,EI1
278,s69,70,64,51,43,radio,1,0,0,0,23732,['crackers'],2,['AA1'],survey-slider,crackers,AA1
279,s69,47,83,26,66,radio,0,1,0,0,34309,['knives'],3,['EA1'],survey-slider,knives,EA1
280,s70,11,73,38,37,radio,1,0,1,1,38579,['crackers'],0,['EI1'],survey-slider,crackers,EI1
281,s70,77,80,81,38,radio,1,0,0,0,16434,['knives'],1,['AA1'],survey-slider,knives,AA1
282,s70,17,57,18,25,radio,0,1,0,1,17254,['strawberries'],2,['AI1'],survey-slider,strawberries,AI1
283,s70,54,98,76,85,radio,1,0,1,1,22712,['lightbulbs'],3,['EA1'],survey-slider,lightbulbs,EA1
284,s71,84,91,77,78,radio,1,0,0,0,44562,['crackers'],0,['AA1'],survey-slider,crackers,AA1
285,s71,80,85,80,82,radio,0,0,1,0,38561,['strawberries'],1,['AI1'],survey-slider,strawberries,AI1
286,s71,95,94,99,91,radio,1,0,0,0,41640,['lightbulbs'],2,['EA1'],survey-slider,lightbulbs,EA1
287,s71,93,90,79,88,radio,0,0,1,1,41877,['knives'],3,['EI1'],survey-slider,knives,EI1
288,s72,95,93,96,97,radio,1,0,1,0,35382,['crackers'],0,['AA1'],survey-slider,crackers,AA1
289,s72,69,95,98,82,radio,0,0,1,1,32619,['strawberries'],1,['AI1'],survey-slider,strawberries,AI1
290,s72,99,93,94,94,radio,0,1,0,1,23787,['knives'],2,['EA1'],survey-slider,knives,EA1
291,s72,74,74,98,93,radio,0,0,0,1,46019,['lightbulbs'],3,['EI1'],survey-slider,lightbulbs,EI1
292,s73,64,97,100,62,radio,0,1,0,0,105026,['strawberries'],0,['AA1'],survey-slider,strawberries,AA1
293,s73,63,100,75,100,radio,0,0,1,0,59143,['lightbulbs'],1,['AI1'],survey-slider,lightbulbs,AI1
294,s73,58,98,58,96,radio,0,1,0,1,67428,['knives'],2,['EA1'],survey-slider,knives,EA1
295,s73,100,96,99,98,radio,0,1,0,1,55424,['crackers'],3,['EI1'],survey-slider,crackers,EI1
296,s74,68,97,99,95,radio,1,0,1,0,63060,['crackers'],0,['AA1'],survey-slider,crackers,AA1
297,s74,99,97,100,97,radio,1,0,1,0,40505,['lightbulbs'],1,['AI1'],survey-slider,lightbulbs,AI1
298,s74,97,100,100,97,radio,0,0,1,1,52001,['knives'],2,['EI1'],survey-slider,knives,EI1
299,s74,100,100,100,100,radio,0,1,0,1,45728,['strawberries'],3,['EA1'],survey-slider,strawberries,EA1
300,s75,97,93,98,93,radio,0,0,1,0,170799,['strawberries'],0,['AI1'],survey-slider,strawberries,AI1
301,s75,99,92,95,96,radio,0,1,0,1,80077,['crackers'],1,['EI1'],survey-slider,crackers,EI1
302,s75,97,99,97,95,radio,1,0,0,0,84466,['lightbulbs'],2,['AA1'],survey-slider,lightbulbs,AA1
303,s75,98,96,97,95,radio,0,1,0,0,141469,['knives'],3,['EA1'],survey-slider,knives,EA1
304,s76,96,98,94,100,radio,0,0,1,0,115056,['lightbulbs'],0,['AA1'],survey-slider,lightbulbs,AA1
305,s76,98,95,93,94,radio,1,0,0,0,82184,['crackers'],1,['AI1'],survey-slider,crackers,AI1
306,s76,96,98,96,97,radio,0,0,1,1,80867,['knives'],2,['EI1'],survey-slider,knives,EI1
307,s76,93,97,96,94,radio,0,1,0,0,82567,['strawberries'],3,['EA1'],survey-slider,strawberries,EA1
308,s77,45,68,70,46,radio,0,0,1,1,89989,['strawberries'],0,['AI1'],survey-slider,strawberries,AI1
309,s77,99,96,93,96,radio,0,0,1,1,43772,['knives'],1,['EI1'],survey-slider,knives,EI1
310,s77,96,99,61,97,radio,1,0,0,0,80523,['lightbulbs'],2,['AA1'],survey-slider,lightbulbs,AA1
311,s77,93,99,63,64,radio,0,1,0,1,51829,['crackers'],3,['EA1'],survey-slider,crackers,EA1
312,s78,93,99,99,54,radio,1,0,0,0,64739,['knives'],0,['AA1'],survey-slider,knives,AA1
313,s78,97,100,99,98,radio,0,1,0,0,79266,['strawberries'],1,['EA1'],survey-slider,strawberries,EA1
314,s78,95,55,100,61,radio,0,0,1,1,72926,['crackers'],2,['EI1'],survey-slider,crackers,EI1
315,s78,93,60,94,82,radio,0,0,1,1,46834,['lightbulbs'],3,['AI1'],survey-slider,lightbulbs,AI1
316,s79,100,100,100,100,radio,0,1,0,1,46926,['crackers'],0,['EA1'],survey-slider,crackers,EA1
317,s79,100,100,100,100,radio,1,0,1,0,40173,['knives'],1,['AA1'],survey-slider,knives,AA1
318,s79,100,100,100,100,radio,1,0,1,0,28707,['lightbulbs'],2,['EI1'],survey-slider,lightbulbs,EI1
319,s79,100,100,98,100,radio,0,0,1,1,34115,['strawberries'],3,['AI1'],survey-slider,strawberries,AI1
320,s80,97,97,94,91,radio,1,0,1,1,64797,['lightbulbs'],0,['AA1'],survey-slider,lightbulbs,AA1
321,s80,95,98,94,95,radio,1,0,1,0,77462,['knives'],1,['AI1'],survey-slider,knives,AI1
322,s80,99,100,100,100,radio,0,0,0,1,121076,['crackers'],2,['EA1'],survey-slider,crackers,EA1
323,s80,100,100,100,100,radio,0,1,0,1,53236,['strawberries'],3,['EI1'],survey-slider,strawberries,EI1
324,s81,94,64,64,82,radio,1,0,0,0,84446,['knives'],0,['AA1'],survey-slider,knives,AA1
325,s81,95,98,68,93,radio,0,0,0,1,95425,['crackers'],1,['EI1'],survey-slider,crackers,EI1
326,s81,100,98,95,97,radio,0,1,0,1,81823,['lightbulbs'],2,['EA1'],survey-slider,lightbulbs,EA1
327,s81,97,91,96,67,radio,0,0,1,1,54282,['strawberries'],3,['AI1'],survey-slider,strawberries,AI1
328,s82,99,76,61,97,radio,0,0,0,1,114219,['strawberries'],0,['EI1'],survey-slider,strawberries,EI1
329,s82,67,99,71,96,radio,0,0,1,0,124541,['crackers'],1,['AA1'],survey-slider,crackers,AA1
330,s82,96,66,92,80,radio,0,0,1,1,100276,['lightbulbs'],2,['AI1'],survey-slider,lightbulbs,AI1
331,s82,83,95,81,71,radio,0,1,0,0,59433,['knives'],3,['EA1'],survey-slider,knives,EA1
332,s83,28,92,28,42,radio,0,1,0,0,253258,['knives'],0,['EI1'],survey-slider,knives,EI1
333,s83,41,48,92,39,radio,0,0,1,0,84966,['lightbulbs'],1,['AI1'],survey-slider,lightbulbs,AI1
334,s83,41,97,37,47,radio,0,1,0,0,92732,['strawberries'],2,['EA1'],survey-slider,strawberries,EA1
335,s83,47,47,45,94,radio,0,0,0,1,62505,['crackers'],3,['AA1'],survey-slider,crackers,AA1
336,s84,95,94,80,93,radio,0,0,1,1,329762,['strawberries'],0,['EI1'],survey-slider,strawberries,EI1
337,s84,98,99,98,79,radio,0,0,1,1,198643,['knives'],1,['AI1'],survey-slider,knives,AI1
338,s84,98,98,100,97,radio,1,1,0,0,139538,['lightbulbs'],2,['AA1'],survey-slider,lightbulbs,AA1
339,s84,96,97,94,96,radio,0,1,0,1,143327,['crackers'],3,['EA1'],survey-slider,crackers,EA1
340,s85,91,75,59,91,radio,0,0,0,1,137581,['crackers'],0,['EA1'],survey-slider,crackers,EA1
341,s85,92,76,41,94,radio,0,0,1,1,108280,['knives'],1,['EI1'],survey-slider,knives,EI1
342,s85,85,48,53,34,radio,0,0,1,1,137569,['lightbulbs'],2,['AI1'],survey-slider,lightbulbs,AI1
343,s85,93,95,90,93,radio,1,0,1,0,53656,['strawberries'],3,['AA1'],survey-slider,strawberries,AA1
344,s86,46,93,95,41,radio,0,0,1,1,117715,['knives'],0,['AI1'],survey-slider,knives,AI1
345,s86,95,93,97,97,radio,1,0,1,0,73155,['strawberries'],1,['AA1'],survey-slider,strawberries,AA1
346,s86,93,95,99,91,radio,0,0,1,1,118599,['lightbulbs'],2,['EI1'],survey-slider,lightbulbs,EI1
347,s86,93,92,95,95,radio,0,1,0,1,88394,['crackers'],3,['EA1'],survey-slider,crackers,EA1
348,s87,96,100,44,51,radio,1,0,0,0,146931,['strawberries'],0,['AA1'],survey-slider,strawberries,AA1
349,s87,95,100,95,82,radio,0,0,1,1,95560,['crackers'],1,['EI1'],survey-slider,crackers,EI1
350,s87,84,83,53,90,radio,0,1,0,0,61077,['knives'],2,['EA1'],survey-slider,knives,EA1
351,s87,61,65,93,56,radio,0,0,1,1,50337,['lightbulbs'],3,['AI1'],survey-slider,lightbulbs,AI1
352,s88,92,98,95,94,radio,0,1,0,0,22967,['crackers'],0,['AI1'],survey-slider,crackers,AI1
353,s88,99,96,99,100,radio,0,0,0,1,45803,['knives'],1,['EI1'],survey-slider,knives,EI1
354,s88,96,98,99,95,radio,0,0,0,1,26139,['lightbulbs'],2,['AA1'],survey-slider,lightbulbs,AA1
355,s88,91,93,99,94,radio,0,1,0,1,16262,['strawberries'],3,['EA1'],survey-slider,strawberries,EA1
356,s89,97,97,99,97,radio,0,0,1,0,81342,['strawberries'],0,['AI1'],survey-slider,strawberries,AI1
357,s89,98,96,97,97,radio,0,1,0,0,134319,['lightbulbs'],1,['EA1'],survey-slider,lightbulbs,EA1
358,s89,99,97,99,97,radio,1,0,1,0,41449,['knives'],2,['AA1'],survey-slider,knives,AA1
359,s89,91,97,96,97,radio,0,1,0,0,97363,['crackers'],3,['EI1'],survey-slider,crackers,EI1
360,s90,78,80,100,85,radio,0,0,1,1,60073,['lightbulbs'],0,['EI1'],survey-slider,lightbulbs,EI1
361,s90,76,97,100,78,radio,0,1,1,0,95305,['strawberries'],1,['EA1'],survey-slider,strawberries,EA1
362,s90,100,100,53,63,radio,1,0,0,0,56844,['crackers'],2,['AA1'],survey-slider,crackers,AA1
363,s90,46,70,77,53,radio,0,0,1,1,58271,['knives'],3,['AI1'],survey-slider,knives,AI1
364,s91,95,73,72,96,radio,0,0,0,0,29829,['strawberries'],0,['AI1'],survey-slider,strawberries,AI1
365,s91,74,65,69,95,radio,0,0,1,0,15817,['knives'],1,['EA1'],survey-slider,knives,EA1
366,s91,97,91,94,89,radio,0,1,0,0,15931,['crackers'],2,['EI1'],survey-slider,crackers,EI1
367,s91,97,94,92,93,radio,0,0,0,0,20303,['lightbulbs'],3,['AA1'],survey-slider,lightbulbs,AA1
368,s92,98,95,78,90,radio,0,0,1,1,163242,['lightbulbs'],0,['EI1'],survey-slider,lightbulbs,EI1
369,s92,94,97,99,96,radio,0,1,0,1,179591,['knives'],1,['EA1'],survey-slider,knives,EA1
370,s92,97,98,96,99,radio,0,0,1,1,74715,['strawberries'],2,['AI1'],survey-slider,strawberries,AI1
371,s92,96,93,99,97,radio,1,0,1,0,56515,['crackers'],3,['AA1'],survey-slider,crackers,AA1
372,s93,94,100,98,97,radio,0,1,0,1,142705,['strawberries'],0,['EI1'],survey-slider,strawberries,EI1
373,s93,94,93,94,94,radio,1,0,0,0,56524,['knives'],1,['AA1'],survey-slider,knives,AA1
374,s93,94,95,99,94,radio,0,1,0,1,72868,['crackers'],2,['EA1'],survey-slider,crackers,EA1
375,s93,94,98,98,92,radio,1,0,1,0,72182,['lightbulbs'],3,['AI1'],survey-slider,lightbulbs,AI1
376,s94,96,98,97,96,radio,0,1,0,1,155658,['strawberries'],0,['EA1'],survey-slider,strawberries,EA1
377,s94,97,98,96,96,radio,1,0,1,0,102817,['lightbulbs'],1,['AA1'],survey-slider,lightbulbs,AA1
378,s94,95,94,95,83,radio,0,0,1,0,341637,['knives'],2,['AI1'],survey-slider,knives,AI1
379,s94,96,98,96,96,radio,0,0,0,1,115175,['crackers'],3,['EI1'],survey-slider,crackers,EI1
380,s95,99,96,94,93,radio,1,0,1,0,69598,['strawberries'],0,['AA1'],survey-slider,strawberries,AA1
381,s95,98,94,93,90,radio,0,0,1,1,57684,['crackers'],1,['AI1'],survey-slider,crackers,AI1
382,s95,99,97,98,97,radio,0,1,0,0,61630,['lightbulbs'],2,['EA1'],survey-slider,lightbulbs,EA1
383,s95,96,99,96,93,radio,1,0,1,0,35765,['knives'],3,['EI1'],survey-slider,knives,EI1
384,s96,91,98,72,98,radio,1,0,1,0,113007,['knives'],0,['AA1'],survey-slider,knives,AA1
385,s96,97,97,97,80,radio,0,1,0,1,106417,['crackers'],1,['EA1'],survey-slider,crackers,EA1
386,s96,98,96,95,96,radio,0,1,0,1,57035,['strawberries'],2,['EI1'],survey-slider,strawberries,EI1
387,s96,98,98,87,99,radio,1,0,1,0,106332,['lightbulbs'],3,['AI1'],survey-slider,lightbulbs,AI1
388,s97,96,94,95,96,radio,1,0,0,0,259821,['strawberries'],0,['AA1'],survey-slider,strawberries,AA1
389,s97,98,76,79,99,radio,0,0,1,1,134850,['crackers'],1,['EI1'],survey-slider,crackers,EI1
390,s97,98,95,95,99,radio,1,0,1,0,83257,['lightbulbs'],2,['AI1'],survey-slider,lightbulbs,AI1
391,s97,97,95,94,93,radio,0,1,0,0,159923,['knives'],3,['EA1'],survey-slider,knives,EA1
392,s98,100,100,100,100,radio,0,1,0,1,173536,['strawberries'],0,['EA1'],survey-slider,strawberries,EA1
393,s98,100,100,100,100,radio,0,0,0,1,206960,['crackers'],1,['EI1'],survey-slider,crackers,EI1
394,s98,100,100,100,100,radio,1,0,1,0,178858,['lightbulbs'],2,['AA1'],survey-slider,lightbulbs,AA1
395,s98,100,100,100,100,radio,0,0,1,0,205034,['knives'],3,['AI1'],survey-slider,knives,AI1
396,s99,98,96,91,95,radio,0,0,1,1,102338,['lightbulbs'],0,['EI1'],survey-slider,lightbulbs,EI1
397,s99,98,97,95,97,radio,1,0,1,0,111270,['crackers'],1,['AA1'],survey-slider,crackers,AA1
398,s99,93,96,95,99,radio,1,0,1,1,76482,['knives'],2,['AI1'],survey-slider,knives,AI1
399,s99,100,94,98,99,radio,0,1,0,1,113841,['strawberries'],3,['EA1'],survey-slider,strawberries,EA1
400,s100,97,97,95,97,radio,0,0,0,1,113649,['crackers'],0,['EI1'],survey-slider,crackers,EI1
401,s100,98,99,100,100,radio,0,0,1,0,146635,['strawberries'],1,['AI1'],survey-slider,strawberries,AI1
402,s100,100,99,99,99,radio,0,1,0,1,58503,['knives'],2,['EA1'],survey-slider,knives,EA1
403,s100,98,99,100,99,radio,1,0,1,0,99534,['lightbulbs'],3,['AA1'],survey-slider,lightbulbs,AA1
404,s101,96,98,95,96,radio,1,0,0,0,61367,['strawberries'],0,['AA1'],survey-slider,strawberries,AA1
405,s101,100,57,56,98,radio,0,1,0,0,135625,['crackers'],1,['EA1'],survey-slider,crackers,EA1
406,s101,95,98,100,95,radio,0,0,1,1,60882,['lightbulbs'],2,['AI1'],survey-slider,lightbulbs,AI1
407,s101,97,98,96,93,radio,0,0,1,1,55182,['knives'],3,['EI1'],survey-slider,knives,EI1
408,s102,90,92,96,93,radio,1,1,0,1,120763,['lightbulbs'],0,['EA1'],survey-slider,lightbulbs,EA1
409,s102,70,89,79,91,radio,0,0,0,1,49734,['crackers'],1,['EI1'],survey-slider,crackers,EI1
410,s102,81,57,78,69,radio,1,0,0,0,159640,['knives'],2,['AI1'],survey-slider,knives,AI1
411,s102,92,92,97,97,radio,1,0,0,0,41983,['strawberries'],3,['AA1'],survey-slider,strawberries,AA1
412,s103,94,67,90,29,radio,1,0,1,0,81084,['knives'],0,['EI1'],survey-slider,knives,EI1
413,s103,97,94,90,78,radio,0,1,0,1,75072,['crackers'],1,['AA1'],survey-slider,crackers,AA1
414,s103,100,79,99,68,radio,0,1,0,1,55518,['strawberries'],2,['EA1'],survey-slider,strawberries,EA1
415,s103,100,85,77,77,radio,1,0,0,0,116805,['lightbulbs'],3,['AI1'],survey-slider,lightbulbs,AI1
416,s104,78,100,79,78,radio,0,0,0,1,181209,['crackers'],0,['EI1'],survey-slider,crackers,EI1
417,s104,90,100,100,100,radio,0,1,0,0,117410,['lightbulbs'],1,['EA1'],survey-slider,lightbulbs,EA1
418,s104,99,94,100,61,radio,1,0,1,0,75196,['strawberries'],2,['AA1'],survey-slider,strawberries,AA1
419,s104,74,91,95,87,radio,0,0,1,1,59691,['knives'],3,['AI1'],survey-slider,knives,AI1
420,s105,68,45,94,59,radio,0,1,1,0,67572,['strawberries'],0,['AI1'],survey-slider,strawberries,AI1
421,s105,28,7,17,32,radio,0,1,1,1,26896,['lightbulbs'],1,['EA1'],survey-slider,lightbulbs,EA1
422,s105,100,61,67,56,radio,0,1,0,1,30545,['crackers'],2,['AA1'],survey-slider,crackers,AA1
423,s105,78,91,80,87,radio,1,0,1,0,24035,['knives'],3,['EI1'],survey-slider,knives,EI1
424,s106,99,97,95,100,radio,1,0,1,0,75328,['knives'],0,['AA1'],survey-slider,knives,AA1
425,s106,98,97,73,97,radio,0,0,0,1,71375,['crackers'],1,['EI1'],survey-slider,crackers,EI1
426,s106,99,99,98,99,radio,0,1,0,0,31940,['strawberries'],2,['EA1'],survey-slider,strawberries,EA1
427,s106,74,96,89,99,radio,0,0,1,0,56160,['lightbulbs'],3,['AI1'],survey-slider,lightbulbs,AI1
428,s107,52,100,100,49,radio,0,0,1,1,93741,['crackers'],0,['AI1'],survey-slider,crackers,AI1
429,s107,100,100,100,100,radio,1,0,1,0,171397,['knives'],1,['AA1'],survey-slider,knives,AA1
430,s107,100,52,100,53,radio,0,0,0,0,179549,['strawberries'],2,['EA1'],survey-slider,strawberries,EA1
431,s107,53,100,100,100,radio,0,0,0,0,36945,['lightbulbs'],3,['EI1'],survey-slider,lightbulbs,EI1
432,s108,9,95,96,5,radio,0,0,1,0,128836,['lightbulbs'],0,['AI1'],survey-slider,lightbulbs,AI1
433,s108,97,97,5,97,radio,0,1,0,1,148777,['crackers'],1,['EI1'],survey-slider,crackers,EI1
434,s108,92,97,96,96,radio,0,1,0,1,102418,['strawberries'],2,['EA1'],survey-slider,strawberries,EA1
435,s108,95,98,85,92,radio,0,0,0,0,74690,['knives'],3,['AA1'],survey-slider,knives,AA1
436,s109,91,97,91,99,radio,1,0,1,0,66072,['lightbulbs'],0,['AA1'],survey-slider,lightbulbs,AA1
437,s109,53,95,100,56,radio,1,0,1,1,55088,['knives'],1,['AI1'],survey-slider,knives,AI1
438,s109,95,92,98,93,radio,0,1,0,1,36707,['strawberries'],2,['EA1'],survey-slider,strawberries,EA1
439,s109,90,68,51,97,radio,0,0,1,1,47778,['crackers'],3,['EI1'],survey-slider,crackers,EI1
440,s110,67,100,88,79,radio,0,1,1,1,273527,['knives'],0,['EA1'],survey-slider,knives,EA1
441,s110,94,20,66,59,radio,0,0,1,0,53420,['strawberries'],1,['AI1'],survey-slider,strawberries,AI1
442,s110,59,73,71,54,radio,1,1,0,0,56706,['crackers'],2,['AA1'],survey-slider,crackers,AA1
443,s110,68,70,59,74,radio,0,0,0,1,228853,['lightbulbs'],3,['EI1'],survey-slider,lightbulbs,EI1
444,s111,95,95,98,98,radio,0,0,1,0,115978,['lightbulbs'],0,['AI1'],survey-slider,lightbulbs,AI1
445,s111,98,100,98,99,radio,0,1,0,1,58148,['strawberries'],1,['EA1'],survey-slider,strawberries,EA1
446,s111,100,98,98,100,radio,1,0,1,0,78657,['knives'],2,['AA1'],survey-slider,knives,AA1
447,s111,96,100,96,99,radio,0,1,0,1,76082,['crackers'],3,['EI1'],survey-slider,crackers,EI1
448,s112,97,99,95,94,radio,1,0,1,0,25687,['strawberries'],0,['AI1'],survey-slider,strawberries,AI1
449,s112,93,92,95,94,radio,0,1,0,1,48929,['crackers'],1,['AA1'],survey-slider,crackers,AA1
450,s112,89,98,91,95,radio,1,0,1,0,20103,['lightbulbs'],2,['EA1'],survey-slider,lightbulbs,EA1
451,s112,95,93,100,86,radio,0,1,0,1,37446,['knives'],3,['EI1'],survey-slider,knives,EI1
452,s113,30,21,97,100,radio,0,0,1,1,136288,['knives'],0,['AI1'],survey-slider,knives,AI1
453,s113,70,27,91,71,radio,1,0,1,1,53871,['crackers'],1,['AA1'],survey-slider,crackers,AA1
454,s113,100,39,97,66,radio,1,0,1,0,50450,['lightbulbs'],2,['EI1'],survey-slider,lightbulbs,EI1
455,s113,56,51,98,45,radio,0,1,1,0,39278,['strawberries'],3,['EA1'],survey-slider,strawberries,EA1
456,s114,99,97,97,100,radio,0,1,0,1,76355,['strawberries'],0,['EA1'],survey-slider,strawberries,EA1
457,s114,97,95,97,66,radio,0,0,1,1,85867,['knives'],1,['AI1'],survey-slider,knives,AI1
458,s114,97,99,100,97,radio,0,1,1,1,66028,['lightbulbs'],2,['EI1'],survey-slider,lightbulbs,EI1
459,s114,97,100,97,91,radio,1,0,1,0,73060,['crackers'],3,['AA1'],survey-slider,crackers,AA1
460,s115,100,100,55,100,radio,0,0,1,1,197621,['strawberries'],0,['EI1'],survey-slider,strawberries,EI1
461,s115,99,97,96,95,radio,1,0,0,0,40081,['lightbulbs'],1,['EA1'],survey-slider,lightbulbs,EA1
462,s115,95,94,100,69,radio,0,0,1,1,39803,['crackers'],2,['AI1'],survey-slider,crackers,AI1
463,s115,95,93,61,96,radio,1,0,1,0,23855,['knives'],3,['AA1'],survey-slider,knives,AA1
464,s116,100,93,100,51,radio,0,0,1,0,104597,['strawberries'],0,['AI1'],survey-slider,strawberries,AI1
465,s116,93,96,97,97,radio,0,1,0,0,68132,['crackers'],1,['EA1'],survey-slider,crackers,EA1
466,s116,99,96,93,94,radio,1,0,0,0,47210,['knives'],2,['AA1'],survey-slider,knives,AA1
467,s116,95,96,59,95,radio,0,0,0,0,77327,['lightbulbs'],3,['EI1'],survey-slider,lightbulbs,EI1
468,s117,99,99,100,97,radio,1,0,1,1,126413,['strawberries'],0,['EI1'],survey-slider,strawberries,EI1
469,s117,98,97,96,64,radio,1,0,1,0,90920,['crackers'],1,['EA1'],survey-slider,crackers,EA1
470,s117,94,69,96,93,radio,1,0,1,0,95982,['knives'],2,['AI1'],survey-slider,knives,AI1
471,s117,96,95,98,95,radio,1,0,1,0,88243,['lightbulbs'],3,['AA1'],survey-slider,lightbulbs,AA1
472,s118,98,75,12,69,radio,0,1,0,1,64600,['strawberries'],0,['EA1'],survey-slider,strawberries,EA1
473,s118,59,2,100,84,radio,1,0,1,0,45863,['knives'],1,['AI1'],survey-slider,knives,AI1
474,s118,87,51,98,96,radio,0,0,1,1,71943,['lightbulbs'],2,['EI1'],survey-slider,lightbulbs,EI1
475,s118,97,85,93,88,radio,1,0,1,0,36547,['crackers'],3,['AA1'],survey-slider,crackers,AA1
476,s119,100,100,100,100,radio,1,0,1,0,84022,['crackers'],0,['AA1'],survey-slider,crackers,AA1
477,s119,100,57,58,100,radio,0,0,0,1,139924,['strawberries'],1,['EI1'],survey-slider,strawberries,EI1
478,s119,100,100,100,100,radio,0,0,1,0,121085,['lightbulbs'],2,['AI1'],survey-slider,lightbulbs,AI1
479,s119,100,98,100,100,radio,0,1,1,1,95826,['knives'],3,['EA1'],survey-slider,knives,EA1
